coverage,target_coverage,coverage_error,mean_width,median_width,frac_infinite_width,split,regime,arm,group,model,conformal,cwc,fallback_fraction,sim_worst_coverage,sim_max_coverage_gap,sim_mean_abs_coverage_error,sim_n_groups,fam_worst_coverage,fam_max_coverage_gap,fam_mean_abs_coverage_error,fam_n_groups
0.8118556701030928,0.9,-0.08814432989690724,368.0,368.0,0.0,cluster_0,cluster,,,median,SCP,5179.236005427219,0.0,0.7788051209103841,0.1211948790896159,0.06749975214218928,4,0.2692307692307692,0.6307692307692307,0.14350436490747315,18
0.9418262150220913,0.9,0.04182621502209127,488.18527245949923,494.0,0.0,cluster_0,cluster,,,median,Mondrian-similarity,488.18527245949923,0.0,0.9253200568990043,-0.025320056899004295,0.05364150032780676,4,0.6600985221674877,0.23990147783251237,0.10156939263671025,18
0.7555228276877761,0.9,-0.1444771723122239,378.3476435935199,392.0,0.0,cluster_0,cluster,,,median,Mondrian-family,28857.599006962002,0.2857142857142857,0.7247510668563301,0.17524893314366996,0.12751900203744218,4,0.2692307692307692,0.6307692307692307,0.1709889875658787,18
0.8184830633284241,0.9,-0.08151693667157589,402.5248675086586,376.1620840381168,0.0,cluster_0,cluster,,,median,Normalised SCP,4643.69181074797,0.0,0.8044096728307255,0.09559032716927451,0.06724356590323871,4,0.4594594594594595,0.44054054054054054,0.15467868707133672,18
0.7415316642120766,0.9,-0.1584683357879234,130.54793228396838,130.5479322839684,0.0,cluster_0,cluster,,,svr,SCP,15150.526005329239,0.0,0.6600284495021337,0.23997155049786634,0.0999208706382538,4,0.09090909090909091,0.8090909090909091,0.2708782029555274,18
0.9234167893961709,0.9,0.023416789396170867,237.77865248529366,278.4845814387253,0.0,cluster_0,cluster,,,svr,Mondrian-similarity,237.77865248529366,0.0,0.9139402560455192,-0.013940256045519184,0.03554453684933914,4,0.5961538461538461,0.3038461538461539,0.08661007332186459,18
0.7673048600883653,0.9,-0.13269513991163473,152.77449554758874,130.5479322839684,0.0,cluster_0,cluster,,,svr,Mondrian-family,8183.02484089933,0.2857142857142857,0.6785206258890469,0.2214793741109531,0.09087768063826662,4,0.09090909090909091,0.8090909090909091,0.2681426052774545,18
0.7868188512518409,0.9,-0.1131811487481591,152.76590961118313,141.69483377238703,0.0,cluster_0,cluster,,,svr,Normalised SCP,4556.641917640471,0.0,0.7332859174964438,0.16671408250355624,0.08345766087342918,4,0.34615384615384615,0.5538461538461539,0.15538289963834737,18
0.7536818851251841,0.9,-0.14631811487481594,134.4749000000002,134.47490000000022,0.0,cluster_0,cluster,,,random_forest,SCP,10839.162488180405,0.0,0.6955903271692745,0.20440967283072553,0.09575229504570998,4,0.20192307692307693,0.698076923076923,0.22838813516135367,18
0.9385125184094256,0.9,0.0385125184094256,239.38100807069222,293.41100000000006,0.0,cluster_0,cluster,,,random_forest,Mondrian-similarity,239.38100807069222,0.0,0.8979057591623036,0.0020942408376963817,0.03756562557008225,4,0.7980769230769231,0.1019230769230769,0.06890884192934428,18
0.7728276877761414,0.9,-0.1271723122238586,141.55891332842418,134.47490000000022,0.0,cluster_0,cluster,,,random_forest,Mondrian-family,6424.572340516615,0.2857142857142857,0.713371266002845,0.18662873399715507,0.08448217203263503,4,0.20192307692307693,0.698076923076923,0.2215542014293081,18
0.7430044182621502,0.9,-0.15699558173784978,137.26861298492017,126.17455243457991,0.0,cluster_0,cluster,,,random_forest,Normalised SCP,15241.95553667921,0.0,0.7318634423897582,0.16813655761024182,0.1403393185187473,4,0.375,0.525,0.17255461557554388,18
0.7577319587628866,0.9,-0.14226804123711345,122.09376061827699,122.09376061827697,0.0,cluster_0,cluster,,,hist_gbr,SCP,8715.257605113713,0.0,0.6792318634423897,0.2207681365576103,0.08309562143820517,4,0.1346153846153846,0.7653846153846154,0.21217160778300148,18
0.9259941089837997,0.9,0.025994108983799724,202.29853703402432,233.50821533524353,0.0,cluster_0,cluster,,,hist_gbr,Mondrian-similarity,202.29853703402432,0.0,0.9174964438122333,-0.017496443812233253,0.036911070091039416,4,0.6538461538461539,0.24615384615384617,0.07720594069657209,18
0.8041237113402062,0.9,-0.0958762886597938,139.24161684669082,131.58434866986119,0.0,cluster_0,cluster,,,hist_gbr,Mondrian-family,2471.299326953647,0.2857142857142857,0.7318634423897582,0.16813655761024182,0.07096056821744307,4,0.1346153846153846,0.7653846153846154,0.20716964772077856,18
0.741899852724595,0.9,-0.158100147275405,121.8059082916655,115.01137656600734,0.0,cluster_0,cluster,,,hist_gbr,Normalised SCP,13980.702718382347,0.0,0.6998577524893315,0.20014224751066856,0.12031926500240123,4,0.2403846153846154,0.6596153846153846,0.2028683300511845,18
0.7334315169366715,0.9,-0.1665684830633285,127.99260000000012,127.99260000000015,0.0,cluster_0,cluster,,,extra_trees,SCP,18939.916188946678,0.0,0.6635846372688478,0.23641536273115227,0.11349815479360201,4,0.21153846153846154,0.6884615384615385,0.2346048358320028,18
0.9359351988217968,0.9,0.03593519882179674,238.65605679676003,294.1461200000001,0.0,cluster_0,cluster,,,extra_trees,Mondrian-similarity,238.65605679676003,0.0,0.910394265232975,-0.01039426523297493,0.03681678261486926,4,0.7297297297297297,0.1702702702702703,0.07982771861576943,18
0.7544182621502209,0.9,-0.14558173784977912,139.1199076583211,127.99260000000015,0.0,cluster_0,cluster,,,extra_trees,Mondrian-family,10968.560704430063,0.2857142857142857,0.6827880512091038,0.21721194879089623,0.09878737400123122,4,0.21153846153846154,0.6884615384615385,0.24010441914099515,18
0.7326951399116347,0.9,-0.16730486008836531,134.91982065679804,125.88488646573381,0.0,cluster_0,cluster,,,extra_trees,Normalised SCP,20410.943530875138,0.0,0.7190611664295875,0.18093883357041252,0.16442901758653922,4,0.3942307692307692,0.5057692307692307,0.1795000493562146,18
0.8707581227436824,0.9,-0.02924187725631766,374.0,374.0,0.0,cluster_1,cluster,,,median,SCP,899.2059670791986,0.0,0.8487874465049928,0.051212553495007196,0.05066135272552996,5,0.25,0.65,0.17848868989964503,17
0.944043321299639,0.9,0.04404332129963895,449.5553790613718,472.70000000000005,0.0,cluster_1,cluster,,,median,Mondrian-similarity,449.5553790613718,0.0,0.7692307692307693,0.13076923076923075,0.07127915809305337,5,0.5625,0.3375,0.09792515895233699,17
0.779783393501805,0.9,-0.12021660649819499,351.2931407942238,374.0,0.0,cluster_1,cluster,,,median,Mondrian-family,12940.526160977119,0.18736462093862816,0.7289586305278174,0.17104136947218262,0.09915715055953159,5,0.25,0.65,0.1924931116632251,17
0.9332129963898917,0.9,0.033212996389891725,407.9070308478916,380.67254146196836,0.0,cluster_1,cluster,,,median,Normalised SCP,407.9070308478916,0.0,0.5384615384615384,0.3615384615384616,0.09924772654282044,5,0.6428571428571429,0.2571428571428571,0.07820031384910886,17
0.8530685920577618,0.9,-0.04693140794223827,150.6816154054138,150.68161540541377,0.0,cluster_1,cluster,,,svr,SCP,615.9164626783294,0.0,0.8052781740370899,0.09472182596291012,0.03126926637967444,5,0.5714285714285714,0.3285714285714286,0.10965179903721,17
0.9498194945848375,0.9,0.049819494584837476,212.25694968014076,226.9339187463771,0.0,cluster_1,cluster,,,svr,Mondrian-similarity,212.25694968014076,0.0,0.7692307692307693,0.13076923076923075,0.0664660300159317,5,0.7727272727272727,0.12727272727272732,0.06414677727959471,17
0.8602888086642599,0.9,-0.03971119133574008,167.03636929031356,150.68161540541377,0.0,cluster_1,cluster,,,svr,Mondrian-family,549.7960047436386,0.18736462093862816,0.8102710413694721,0.08972895863052788,0.04032371703958626,5,0.5714285714285714,0.3285714285714286,0.13034116449671182,17
0.8534296028880867,0.9,-0.04657039711191335,153.87575659902362,140.85255225100877,0.0,cluster_1,cluster,,,svr,Normalised SCP,622.1974056542276,0.0,0.8223965763195435,0.07760342368045647,0.03720398635497531,5,0.6410256410256411,0.25897435897435894,0.08906475995357929,17
0.8093862815884476,0.9,-0.09061371841155241,131.49800000000002,131.498,0.0,cluster_1,cluster,,,random_forest,SCP,1993.0137009464445,0.0,0.6923076923076923,0.20769230769230773,0.09835407694271767,5,0.6136363636363636,0.2863636363636364,0.11171120464369248,17
0.9631768953068592,0.9,0.06317689530685922,251.77054425992773,303.1947999999999,0.0,cluster_1,cluster,,,random_forest,Mondrian-similarity,251.77054425992773,0.0,0.6923076923076923,0.20769230769230773,0.07945072287561568,5,0.8421052631578947,0.05789473684210533,0.06815347310535733,17
0.8415162454873646,0.9,-0.05848375451263543,148.3653437400721,131.498,0.0,cluster_1,cluster,,,random_forest,Mondrian-family,857.6451244748557,0.18736462093862816,0.7692307692307693,0.13076923076923075,0.060778852032330244,5,0.6136363636363636,0.2863636363636364,0.11613704501242476,17
0.792057761732852,0.9,-0.107942238267148,132.35153631975166,123.85394900063203,0.0,cluster_1,cluster,,,random_forest,Normalised SCP,3373.576324816187,0.0,0.6153846153846154,0.2846153846153846,0.1274901729980787,5,0.6153846153846154,0.2846153846153846,0.08806970217307315,17
0.7935018050541516,0.9,-0.10649819494584845,117.71184215254209,117.71184215254209,0.0,cluster_1,cluster,,,hist_gbr,SCP,2873.2109193318547,0.0,0.7696148359486448,0.13038516405135525,0.07751951965664412,5,0.6136363636363636,0.2863636363636364,0.13424742765441883,17
0.940072202166065,0.9,0.040072202166064996,211.95133438314815,256.81433000679624,0.0,cluster_1,cluster,,,hist_gbr,Mondrian-similarity,211.95133438314815,0.0,0.8461538461538461,0.05384615384615388,0.03472030374704438,5,0.8636363636363636,0.036363636363636376,0.04669151658145311,17
0.8314079422382672,0.9,-0.06859205776173283,139.27708710802222,117.71184215254209,0.0,cluster_1,cluster,,,hist_gbr,Mondrian-family,1090.3206586029187,0.18736462093862816,0.8088445078459344,0.0911554921540656,0.050433173723833116,5,0.6136363636363636,0.2863636363636364,0.13103426690202458,17
0.7855595667870036,0.9,-0.11444043321299646,118.693047938612,106.3490688536574,0.0,cluster_1,cluster,,,hist_gbr,Normalised SCP,3676.6369018750947,0.0,0.7645631067961165,0.13543689320388352,0.10966812888210284,5,0.5789473684210527,0.32105263157894737,0.11772073254743268,17
0.784115523465704,0.9,-0.11588447653429601,118.66748000000001,118.66748,0.0,cluster_1,cluster,,,extra_trees,SCP,3838.586934771805,0.0,0.7560627674750356,0.14393723252496438,0.08303498588227816,5,0.5681818181818182,0.3318181818181818,0.15738447849668538,17
0.9418772563176895,0.9,0.04187725631768946,219.9518982093862,264.6023999999999,0.0,cluster_1,cluster,,,extra_trees,Mondrian-similarity,219.9518982093862,0.0,0.8461538461538461,0.05384615384615388,0.03879368079827343,5,0.8823529411764706,0.01764705882352946,0.04886683634931972,17
0.8353790613718411,0.9,-0.06462093862815887,141.1120612563177,143.40602,0.0,cluster_1,cluster,,,extra_trees,Mondrian-family,980.6175186086977,0.18736462093862816,0.7692307692307693,0.13076923076923075,0.06260082430360767,5,0.5681818181818182,0.3318181818181818,0.1494250153898475,17
0.7364620938628159,0.9,-0.1635379061371841,112.38939841037869,105.40458397021949,0.0,cluster_1,cluster,,,extra_trees,Normalised SCP,15185.659338730164,0.0,0.6923076923076923,0.20769230769230773,0.15890085358960193,5,0.47368421052631576,0.42631578947368426,0.14823137424337682,17
0.45716451857467777,0.9,-0.44283548142532225,308.0,308.0,0.0,cluster_2,cluster,,,median,SCP,181209472.32538486,0.0,0.36379613356766255,0.5362038664323374,0.31034410988518774,5,0.3037974683544304,0.5962025316455697,0.3337758701614436,10
0.4177407126611069,0.9,-0.4822592873388931,290.316906747536,306.0,0.0,cluster_2,cluster,,,median,Mondrian-similarity,557376620.5545394,0.0,0.27065026362038663,0.6293497363796134,0.3502439539335125,5,0.25316455696202533,0.6468354430379747,0.34501162477072367,10
0.8540561031084155,0.9,-0.04594389689158451,488.8764215314632,582.0,0.0,cluster_2,cluster,,,median,Mondrian-family,1939.9677875805273,0.07695223654283548,0.79701230228471,0.10298769771529004,0.032230028011094224,5,0.379746835443038,0.520253164556962,0.25055871343689434,10
0.875284306292646,0.9,-0.024715693707354047,520.1182492721478,522.7329872618446,0.0,cluster_2,cluster,,,median,Normalised SCP,1091.7388718760888,0.0,0.8427065026362038,0.057293497363796186,0.0370897870152904,5,0.8466334164588528,0.053366583541147206,0.05946706430047051,10
0.6106899166034875,0.9,-0.28931008339651254,144.16140780064046,144.16140780064046,0.0,cluster_2,cluster,,,svr,SCP,847660.9919932899,0.0,0.523725834797891,0.376274165202109,0.19085429821901317,5,0.3291139240506329,0.5708860759493671,0.2000957685874163,10
0.8923426838514026,0.9,-0.007657316148597437,270.68233136012805,283.1074657457376,0.0,cluster_2,cluster,,,svr,Mondrian-similarity,340.58523208518614,0.0,0.8394736842105263,0.06052631578947376,0.046387853590993046,5,0.5569620253164557,0.34303797468354436,0.07418649792226474,10
0.8809704321455648,0.9,-0.019029567854435214,301.99100079927723,394.93945487402027,0.0,cluster_2,cluster,,,svr,Mondrian-family,534.4746243708748,0.07695223654283548,0.8418277680140598,0.05817223198594024,0.04559265708744191,5,0.43037974683544306,0.46962025316455697,0.1756066813487806,10
0.6921910538286581,0.9,-0.20780894617134194,171.47022086166734,166.50629718017865,0.0,cluster_2,cluster,,,svr,Normalised SCP,87437.3658684246,0.0,0.6476274165202109,0.2523725834797891,0.13911409667379424,5,0.5316455696202531,0.3683544303797469,0.13860544928028784,10
0.7357846853677028,0.9,-0.16421531463229722,152.04739999999998,152.0474,0.0,cluster_2,cluster,,,random_forest,SCP,20965.882513056335,0.0,0.6370826010544816,0.26291739894551847,0.10850332683699386,5,0.34177215189873417,0.5582278481012659,0.2050177583908665,10
0.9037149355572404,0.9,0.0037149355572403397,237.6925943896891,252.83319999999998,0.0,cluster_2,cluster,,,random_forest,Mondrian-similarity,237.6925943896891,0.0,0.85,0.050000000000000044,0.04756164747891978,5,0.5822784810126582,0.3177215189873418,0.0726681362522409,10
0.8354814253222138,0.9,-0.06451857467778621,193.18333527672485,217.90538000000012,0.0,cluster_2,cluster,,,random_forest,Mondrian-family,1338.3555021350865,0.07695223654283548,0.7680140597539543,0.1319859402460457,0.05827210754389658,5,0.4177215189873418,0.48227848101265824,0.18959730732624164,10
0.8150113722517058,0.9,-0.08498862774829419,186.46688088582917,193.5165586735592,0.0,cluster_2,cluster,,,random_forest,Normalised SCP,2387.2860920340677,0.0,0.773286467486819,0.12671353251318107,0.07133605955821867,5,0.4050632911392405,0.4949367088607595,0.12741093501450185,10
0.7831690674753601,0.9,-0.11683093252463994,134.1332554521845,134.13325545218447,0.0,cluster_2,cluster,,,hist_gbr,SCP,4463.826894661257,0.0,0.7179261862917399,0.18207381370826015,0.08763608022905596,5,0.45569620253164556,0.44430379746835447,0.13980050025900312,10
0.9192570128885519,0.9,0.01925701288855186,217.46454714210395,209.06499585093792,0.0,cluster_2,cluster,,,hist_gbr,Mondrian-similarity,217.46454714210395,0.0,0.875219683655536,0.024780316344463982,0.041529789102661696,5,0.7341772151898734,0.16582278481012658,0.05393151478737281,10
0.8404094010614102,0.9,-0.05959059893858987,163.01432073024952,178.08613868878092,0.0,cluster_2,cluster,,,hist_gbr,Mondrian-family,974.1409662171837,0.07695223654283548,0.7917398945518453,0.10826010544815468,0.05819933585821742,5,0.5949367088607594,0.3050632911392406,0.1329928035026,10
0.8483699772554966,0.9,-0.051630022744503457,167.0703218907633,157.43502759008697,0.0,cluster_2,cluster,,,hist_gbr,Normalised SCP,786.2819910170775,0.0,0.8251318101933216,0.07486818980667842,0.0593686904374928,5,0.6329113924050633,0.2670886075949367,0.0805937803211424,10
0.6978771796815769,0.9,-0.2021228203184231,134.14683999999997,134.14684,0.0,cluster_2,cluster,,,extra_trees,SCP,57677.33861776836,0.0,0.5808435852372583,0.3191564147627417,0.1325407069443557,5,0.31645569620253167,0.5835443037974684,0.20995342372606834,10
0.8809704321455648,0.9,-0.019029567854435214,210.74701216830937,219.8858400000001,0.0,cluster_2,cluster,,,extra_trees,Mondrian-similarity,372.9877044939113,0.0,0.8418277680140598,0.05817223198594024,0.048827570791069544,5,0.4936708860759494,0.40632911392405063,0.07630211970877507,10
0.8385140257771039,0.9,-0.061485974222896145,195.30325369219105,234.06119999999996,0.0,cluster_2,cluster,,,extra_trees,Mondrian-family,1235.3785550494974,0.07695223654283548,0.7706502636203867,0.12934973637961333,0.05826828703016458,5,0.34177215189873417,0.5582278481012659,0.19168856090954928,10
0.7232752084912812,0.9,-0.17672479150871878,142.72707841565895,136.41954704305647,0.0,cluster_2,cluster,,,extra_trees,Normalised SCP,28643.39084194363,0.0,0.672231985940246,0.227768014059754,0.12836111713790446,5,0.4177215189873418,0.48227848101265824,0.15985499354357396,10
0.9273356401384083,0.9,0.02733564013840828,380.0,380.0,0.0,cluster_3,cluster,,,median,SCP,380.0,0.0,0.9,-0.0,0.023452389329741113,4,0.7938931297709924,0.10610687022900767,0.06343303206501262,19
0.9619377162629758,0.9,0.06193771626297573,408.12968858131484,404.0,0.0,cluster_3,cluster,,,median,Mondrian-similarity,408.12968858131484,0.0,0.9,-0.0,0.049687634894538174,4,0.8518518518518519,0.04814814814814816,0.07546776020606435,19
0.8615916955017301,0.9,-0.03840830449826993,371.30477508650523,352.0,0.0,cluster_3,cluster,,,median,Mondrian-family,1175.2925290688124,0.17024221453287197,0.75,0.15000000000000002,0.09750792003246153,4,0.6684931506849315,0.23150684931506849,0.07718820517604914,19
0.802076124567474,0.9,-0.09792387543252601,277.2098888397874,236.18759712162398,0.0,cluster_3,cluster,,,median,Normalised SCP,5231.698177469131,0.0,0.7666666666666667,0.1333333333333333,0.10848873717235763,4,0.3448275862068966,0.5551724137931034,0.12158407426453485,19
0.7480968858131488,0.9,-0.1519031141868512,140.94891405359058,140.94891405359056,0.0,cluster_3,cluster,,,svr,SCP,13433.28603988414,0.0,0.7092457420924574,0.19075425790754263,0.1244706269951445,4,0.125,0.775,0.1790588334411455,19
0.9508650519031142,0.9,0.05086505190311419,287.5232201526813,304.62783886112754,0.0,cluster_3,cluster,,,svr,Mondrian-similarity,287.5232201526813,0.0,0.9,-0.0,0.0364429618293961,4,0.7083333333333334,0.19166666666666665,0.07664797271773259,19
0.7259515570934256,0.9,-0.1740484429065744,144.14841240262066,140.94891405359056,0.0,cluster_3,cluster,,,svr,Mondrian-family,26696.738882902337,0.17024221453287197,0.694647201946472,0.20535279805352802,0.14888421178332067,4,0.125,0.775,0.20776074062540414,19
0.7480968858131488,0.9,-0.1519031141868512,153.67208166251405,139.40655228189064,0.0,cluster_3,cluster,,,svr,Normalised SCP,14645.881049726317,0.0,0.7,0.20000000000000007,0.14302818760839164,4,0.125,0.775,0.16137946076558804,19
0.7183391003460208,0.9,-0.18166089965397925,134.10599999999977,134.10599999999977,0.0,cluster_3,cluster,,,random_forest,SCP,31208.866672203043,0.0,0.7,0.20000000000000007,0.17878231338211703,4,0.375,0.525,0.20445734903513282,19
0.9640138408304498,0.9,0.06401384083044981,379.0375125813149,471.90919999999994,0.0,cluster_3,cluster,,,random_forest,Mondrian-similarity,379.0375125813149,0.0,0.7833333333333333,0.1166666666666667,0.07065753823807969,4,0.9166666666666666,-0.016666666666666607,0.07462981627959292,19
0.7190311418685121,0.9,-0.1809688581314879,141.39973068512103,134.10599999999977,0.0,cluster_3,cluster,,,random_forest,Mondrian-family,32230.116607204167,0.17024221453287197,0.65,0.25,0.18607281388216926,4,0.375,0.525,0.21490690400411872,19
0.7301038062283737,0.9,-0.16989619377162635,148.08346008264616,133.980511271809,0.0,cluster_3,cluster,,,random_forest,Normalised SCP,24213.408947825545,0.0,0.6166666666666667,0.2833333333333333,0.1784276083367833,4,0.3333333333333333,0.5666666666666667,0.18616263955578666,19
0.7051903114186852,0.9,-0.19480968858131487,126.8781486249705,126.87814862497055,0.0,cluster_3,cluster,,,hist_gbr,SCP,43805.638619160934,0.0,0.6630170316301703,0.23698296836982968,0.16651067260453956,4,0.375,0.525,0.22712815426585797,19
0.9778546712802768,0.9,0.07785467128027679,382.3642787917808,494.5056343099966,0.0,cluster_3,cluster,,,hist_gbr,Mondrian-similarity,382.3642787917808,0.0,0.8666666666666667,0.033333333333333326,0.05914272531367118,4,0.9444444444444444,-0.0444444444444444,0.08597588443398377,19
0.7003460207612456,0.9,-0.1996539792387544,132.28181072145546,126.87814862497055,0.0,cluster_3,cluster,,,hist_gbr,Mondrian-family,52815.181339332405,0.17024221453287197,0.6333333333333333,0.2666666666666667,0.20013826452169692,4,0.375,0.525,0.23916652700393676,19
0.7079584775086505,0.9,-0.19204152249134954,134.21426677479124,122.71538641432701,0.0,cluster_3,cluster,,,hist_gbr,Normalised SCP,42645.76295451627,0.0,0.6333333333333333,0.2666666666666667,0.18595506056526775,4,0.375,0.525,0.19925662811865485,19
0.7065743944636678,0.9,-0.19342560553633226,127.00119999999991,127.00119999999993,0.0,cluster_3,cluster,,,extra_trees,SCP,42064.721586900225,0.0,0.6666666666666666,0.2333333333333334,0.1942417719853156,4,0.2962962962962963,0.6037037037037037,0.21168647167635712,19
0.9619377162629758,0.9,0.06193771626297573,336.7237872664359,406.18359999999996,0.0,cluster_3,cluster,,,extra_trees,Mondrian-similarity,336.7237872664359,0.0,0.8,0.09999999999999998,0.0686459474748656,4,0.8947368421052632,0.0052631578947368585,0.07537210485435723,19
0.6906574394463668,0.9,-0.2093425605536332,128.1303140346021,127.00119999999991,0.0,cluster_3,cluster,,,extra_trees,Mondrian-family,68413.44448085921,0.17024221453287197,0.6166666666666667,0.2833333333333333,0.2179526599946324,4,0.2962962962962963,0.6037037037037037,0.22101791106377683,19
0.7038062283737024,0.9,-0.1961937716262976,137.1269707307784,125.95375519361744,0.0,cluster_3,cluster,,,extra_trees,Normalised SCP,49351.35192241924,0.0,0.5666666666666667,0.33333333333333337,0.2169463943384886,4,0.3333333333333333,0.5666666666666667,0.18307669134419258,19
0.9319846529473317,0.9,0.03198465294733166,399.0,399.0,0.0,cluster_4,cluster,,,median,SCP,399.0,0.0,0.9215686274509803,-0.021568627450980316,0.06009152526602877,5,0.05,0.85,0.13393872149575622,16
0.9717474712242763,0.9,0.07174747122427627,459.26156260899893,454.0,0.0,cluster_4,cluster,,,median,Mondrian-similarity,459.26156260899893,0.0,0.8333333333333334,0.06666666666666665,0.07610243134693377,5,0.55,0.35,0.08724252495241694,16
0.8650156958493198,0.9,-0.03498430415068021,377.11475409836066,399.0,0.0,cluster_4,cluster,,,median,Mondrian-family,1077.15507334138,0.3983257760725497,0.75,0.15000000000000002,0.062123112762227574,5,0.05,0.85,0.13231027145670105,16
0.877223578653645,0.9,-0.022776421346355047,353.6722225284454,339.71036814301965,0.0,cluster_4,cluster,,,median,Normalised SCP,700.4081240696694,0.0,0.4166666666666667,0.48333333333333334,0.1176460615702154,5,0.7692307692307693,0.13076923076923075,0.07203827787815499,16
0.8308336239972096,0.9,-0.06916637600279041,139.0934280379113,139.09342803791134,0.0,cluster_4,cluster,,,svr,SCP,1107.8064097330814,0.0,0.75,0.15000000000000002,0.07545500286453673,5,0.5,0.4,0.12070850042629803,16
0.9522148587373561,0.9,0.052214858737356096,227.44746458063418,224.10937637567275,0.0,cluster_4,cluster,,,svr,Mondrian-similarity,227.44746458063418,0.0,0.5833333333333334,0.31666666666666665,0.1084955462607404,5,0.7647058823529411,0.1352941176470589,0.05953344749990346,16
0.8346703871642832,0.9,-0.06532961283571681,141.74212161488362,139.09342803791134,0.0,cluster_4,cluster,,,svr,Mondrian-family,1006.161371356189,0.3983257760725497,0.75,0.15000000000000002,0.0695059139664909,5,0.5,0.4,0.13599436327519754,16
0.807813044994768,0.9,-0.092186955005232,139.3041418607453,133.38323912784222,0.0,cluster_4,cluster,,,svr,Normalised SCP,2213.362793183887,0.0,0.75,0.15000000000000002,0.09830576319467517,5,0.55,0.35,0.10933387436806057,16
0.858039762818277,0.9,-0.04196023718172304,144.27659999999997,144.2766,0.0,cluster_4,cluster,,,random_forest,SCP,508.0294436905583,0.0,0.8333333333333334,0.06666666666666665,0.04282529078406301,5,0.6666666666666666,0.2333333333333334,0.07337058960538193,16
0.9574468085106383,0.9,0.057446808510638325,233.97970346703872,238.90256,0.0,cluster_4,cluster,,,random_forest,Mondrian-similarity,233.97970346703872,0.0,0.6666666666666666,0.2333333333333334,0.09227672892734429,5,0.8846153846153846,0.015384615384615441,0.05405127155433183,16
0.8719916288803627,0.9,-0.028008371119637276,156.95991368678062,144.27660000000003,0.0,cluster_4,cluster,,,random_forest,Mondrian-family,363.6680785453182,0.3983257760725497,0.6666666666666666,0.2333333333333334,0.06636679140332455,5,0.5918367346938775,0.3081632653061225,0.10585539790646525,16
0.8367631670735961,0.9,-0.06323683292640392,138.13452312717604,129.5296687491025,0.0,cluster_4,cluster,,,random_forest,Normalised SCP,920.8830101754314,0.0,0.6666666666666666,0.2333333333333334,0.1096755180417254,5,0.6666666666666666,0.2333333333333334,0.07073034110282723,16
0.833972793861179,0.9,-0.06602720613882107,133.0417105635181,133.0417105635181,0.0,cluster_4,cluster,,,hist_gbr,SCP,964.3737013369845,0.0,0.6666666666666666,0.2333333333333334,0.10465404176227602,5,0.5,0.4,0.10179055247657101,16
0.9490756888733868,0.9,0.04907568887338676,211.65627783609108,210.6421814438204,0.0,cluster_4,cluster,,,hist_gbr,Mondrian-similarity,211.65627783609108,0.0,0.5833333333333334,0.31666666666666665,0.09539644968968006,5,0.8333333333333334,0.06666666666666665,0.05434225518676033,16
0.8315312173003139,0.9,-0.06846878269968615,135.8242010453269,133.0417105635181,0.0,cluster_4,cluster,,,hist_gbr,Mondrian-family,1059.3649366275847,0.3983257760725497,0.5833333333333334,0.31666666666666665,0.12530748547051537,5,0.5,0.4,0.12227670195054788,16
0.8130449947680503,0.9,-0.08695500523194977,123.3605251806385,116.86875695258111,0.0,cluster_4,cluster,,,hist_gbr,Normalised SCP,1675.3231048345476,0.0,0.75,0.15000000000000002,0.10925466469615167,5,0.75,0.15000000000000002,0.08696318259721994,16
0.838855946982909,0.9,-0.06114405301709103,132.67100000000002,132.67100000000005,0.0,cluster_4,cluster,,,extra_trees,SCP,830.6379083821777,0.0,0.75,0.15000000000000002,0.07689954572951396,5,0.5833333333333334,0.31666666666666665,0.11502555903669939,16
0.9529124520404604,0.9,0.052912452040460356,219.69500728287414,232.6216000000001,0.0,cluster_4,cluster,,,extra_trees,Mondrian-similarity,219.69500728287414,0.0,0.5833333333333334,0.31666666666666665,0.10220861327011554,5,0.8846153846153846,0.015384615384615441,0.05819116514975394,16
0.8622253226369027,0.9,-0.037774677363097364,147.29226543425182,132.67100000000008,0.0,cluster_4,cluster,,,extra_trees,Mondrian-family,457.4461322422377,0.3983257760725497,0.6666666666666666,0.2333333333333334,0.07147425281574334,5,0.5510204081632653,0.34897959183673477,0.1394518012443564,16
0.7830484827345657,0.9,-0.11695151726543429,119.31998981252553,112.93102376562894,0.0,cluster_4,cluster,,,extra_trees,Normalised SCP,3985.2462846184326,0.0,0.6666666666666666,0.2333333333333334,0.1437160446597882,5,0.6190476190476191,0.28095238095238095,0.1357680427135942,16
0.9374037968188815,0.9,0.03740379681888151,380.36,380.36,0.0,cluster_5,cluster,,,median,SCP,380.36,0.0,0.905852417302799,-0.005852417302798951,0.04746518889985099,4,0.8528896672504378,0.04711033274956222,0.08057616571858307,12
0.9461262185736276,0.9,0.04612621857362753,404.09284761416114,382.64,0.0,cluster_5,cluster,,,median,Mondrian-similarity,404.09284761416114,0.0,0.8676844783715013,0.03231552162849871,0.06503986909086498,4,0.8861646234676007,0.013835376532399302,0.07642452788011152,12
0.9415084658799384,0.9,0.041508465879938394,392.89449974345825,399.64,0.0,cluster_5,cluster,,,median,Mondrian-family,392.89449974345825,0.17188301693175986,0.9236641221374046,-0.023664122137404542,0.052257789021545875,4,0.8791593695271454,0.02084063047285467,0.07665737703810317,12
0.8337609030271934,0.9,-0.06623909697280661,315.6628761565693,293.95961293783,0.0,cluster_5,cluster,,,median,Normalised SCP,2302.723209524802,0.0,0.7938931297709924,0.10610687022900767,0.06301344372478862,4,0.6666666666666666,0.2333333333333334,0.12608200998125177,12
0.8814776808619805,0.9,-0.018522319138019494,149.96932735847588,149.96932735847588,0.0,cluster_5,cluster,,,svr,SCP,261.4126943784671,0.0,0.8301630434782609,0.06983695652173916,0.030184294644640897,4,0.6111111111111112,0.28888888888888886,0.08626521259377473,12
0.9671626475115443,0.9,0.06716264751154433,232.7736728615563,241.35732833331537,0.0,cluster_5,cluster,,,svr,Mondrian-similarity,232.7736728615563,0.0,0.9411764705882353,-0.04117647058823526,0.05930185400488114,4,0.84375,0.05625000000000002,0.08585210615842331,12
0.8322216521292971,0.9,-0.06777834787070292,134.32030119779833,136.87608381069043,0.0,cluster_5,cluster,,,svr,Mondrian-family,1026.1586991234942,0.17188301693175986,0.7676630434782609,0.13233695652173916,0.05737675337549289,4,0.648960739030023,0.251039260969977,0.07636068318907133,12
0.8501795792714213,0.9,-0.04982042072857873,135.76691968427065,132.52894870348632,0.0,cluster_5,cluster,,,svr,Normalised SCP,605.1959025367013,0.0,0.7880434782608695,0.11195652173913051,0.034699531838887104,4,0.5,0.4,0.10183201744198407,12
0.8937916880451514,0.9,-0.006208311954848611,145.38999999999996,145.39,0.0,cluster_5,cluster,,,random_forest,SCP,175.15462331083674,0.0,0.8872282608695652,0.012771739130434834,0.006224225726257915,4,0.7578125,0.14218750000000002,0.056144707561782504,12
0.9738327347357619,0.9,0.0738327347357619,236.8474001231402,240.13026000000016,0.0,cluster_5,cluster,,,random_forest,Mondrian-similarity,236.8474001231402,0.0,0.9058823529411765,-0.00588235294117645,0.05797994049801561,4,0.90625,-0.006249999999999978,0.08065960894159534,12
0.8635197537198563,0.9,-0.03648024628014368,138.72752377629516,149.67039999999986,0.0,cluster_5,cluster,,,random_forest,Mondrian-family,414.43623927407606,0.17188301693175986,0.8369565217391305,0.06304347826086953,0.028294060191671883,4,0.7043879907621247,0.19561200923787536,0.06366441582852118,12
0.8512057465366855,0.9,-0.04879425346331456,133.60686780135808,126.16139868720919,0.0,cluster_5,cluster,,,random_forest,Normalised SCP,577.5120277082756,0.0,0.8422391857506362,0.05776081424936386,0.04321635927477485,4,0.6,0.30000000000000004,0.09807678134433225,12
0.8937916880451514,0.9,-0.006208311954848611,139.22399827017358,139.22399827017364,0.0,cluster_5,cluster,,,hist_gbr,SCP,167.7263014845646,0.0,0.8705882352941177,0.02941176470588236,0.015961004390367156,4,0.7578125,0.14218750000000002,0.04401128419238092,12
0.9779374037968189,0.9,0.0779374037968189,243.96803273033137,240.49695850830375,0.0,cluster_5,cluster,,,hist_gbr,Mondrian-similarity,243.96803273033137,0.0,0.9411764705882353,-0.04117647058823526,0.06731879770546625,4,0.90625,-0.006249999999999978,0.07808199074591111,12
0.8758337609030272,0.9,-0.024166239096972797,138.6742779861383,153.4315398552078,0.0,cluster_5,cluster,,,hist_gbr,Mondrian-family,286.3214218289423,0.17188301693175986,0.8478260869565217,0.05217391304347829,0.022343004826698265,4,0.7228637413394919,0.17713625866050808,0.060236353453172055,12
0.8445356593124679,0.9,-0.05546434068753214,122.70047520230848,115.85325641101085,0.0,cluster_5,cluster,,,hist_gbr,Normalised SCP,647.8611801345917,0.0,0.8235294117647058,0.07647058823529418,0.05797709099052287,4,0.6923076923076923,0.20769230769230773,0.08305669155828017,12
0.8783991790661878,0.9,-0.021600820933812215,134.1301999999998,134.13019999999977,0.0,cluster_5,cluster,,,extra_trees,SCP,256.4248394330004,0.0,0.8654891304347826,0.03451086956521743,0.01749138311274298,4,0.6328125,0.2671875,0.08287442037887842,12
0.9687018984094408,0.9,0.06870189840944074,230.92385071318628,229.44944000000012,0.0,cluster_5,cluster,,,extra_trees,Mondrian-similarity,230.92385071318628,0.0,0.9411764705882353,-0.04117647058823526,0.06035292389305219,4,0.8203125,0.07968750000000002,0.08864309500604449,12
0.8358132375577219,0.9,-0.06418676244227817,121.16763016931759,118.72113999999993,0.0,cluster_5,cluster,,,extra_trees,Mondrian-family,831.1230291542936,0.17188301693175986,0.811141304347826,0.08885869565217397,0.05192707649406966,4,0.6328125,0.2671875,0.08824008100199865,12
0.8065674704976912,0.9,-0.09343252950230885,117.65550230155857,111.33171188559939,0.0,cluster_5,cluster,,,extra_trees,Normalised SCP,1940.569503617223,0.0,0.7866847826086957,0.11331521739130435,0.07487708171586838,4,0.65625,0.24375000000000002,0.11503497704345718,12
0.5174146014735432,0.9,-0.3825853985264568,311.0,311.0,0.0,cluster_6,cluster,,,median,SCP,30019414.129493494,0.0,0.45424181696726784,0.4457581830327322,0.23389180707604834,5,0.3712686567164179,0.5287313432835821,0.22303374697098677,13
0.6339584728734092,0.9,-0.2660415271265908,352.88988613529807,328.0,0.0,cluster_6,cluster,,,median,Mondrian-similarity,1032405.304431239,0.0,0.49632598530394123,0.4036740146960588,0.19412260398337802,5,0.5323383084577115,0.36766169154228856,0.16726932790939136,13
0.8643670462156732,0.9,-0.03563295378432685,481.7705961152043,568.0,0.0,cluster_6,cluster,,,median,Mondrian-family,1403.1243008003962,0.09879437374413931,0.8323313293253173,0.06766867067468274,0.02184034579144316,5,0.5,0.4,0.16822203258196916,13
0.8647019423978567,0.9,-0.03529805760214333,462.61354117793604,464.94927578834654,0.0,cluster_6,cluster,,,median,Normalised SCP,1333.8619686251204,0.0,0.822311289245157,0.07768871075484307,0.045358951865943034,5,0.4,0.5,0.12447150374729038,13
0.62357669122572,0.9,-0.27642330877428,150.07880546401603,150.078805464016,0.0,cluster_6,cluster,,,svr,SCP,599505.1171600096,0.0,0.5691382765531062,0.3308617234468938,0.16554384222934745,5,0.5161290322580645,0.3838709677419355,0.19620389065820823,13
0.9336905559276625,0.9,0.03369055592766246,334.29194118458656,382.64672264573505,0.0,cluster_6,cluster,,,svr,Mondrian-similarity,334.29194118458656,0.0,0.921003717472119,-0.021003717472118932,0.04958556825435991,5,0.8991935483870968,0.0008064516129032695,0.04854852438248313,13
0.8429336905559277,0.9,-0.057066309444072316,267.66423406401645,337.15357038168963,0.0,cluster_6,cluster,,,svr,Mondrian-family,1482.8521200069176,0.09879437374413931,0.824315297261189,0.075684702738811,0.03402226315610011,5,0.5,0.4,0.18426033357700924,13
0.760549229738781,0.9,-0.139450770261219,201.84169385052772,198.05163755224055,0.0,cluster_6,cluster,,,svr,Normalised SCP,13240.118825415268,0.0,0.7374749498997996,0.16252505010020046,0.09719764595744436,5,0.6,0.30000000000000004,0.11616037412866834,13
0.7350971198928332,0.9,-0.1649028801071668,138.40770000000003,138.40770000000003,0.0,cluster_6,cluster,,,random_forest,SCP,19482.854097097985,0.0,0.6800267201068805,0.21997327989311954,0.09057900840205199,5,0.4642857142857143,0.4357142857142857,0.22043889521381096,13
0.9805760214333556,0.9,0.08057602143335563,318.4488205626256,363.3814,0.0,cluster_6,cluster,,,random_forest,Mondrian-similarity,318.4488205626256,0.0,0.9,-0.0,0.05163051584890086,5,0.8709677419354839,0.029032258064516148,0.06546757199639607,13
0.8439383791024783,0.9,-0.05606162089752176,189.37563467515068,202.7364,0.0,cluster_6,cluster,,,random_forest,Mondrian-family,1017.9857048283866,0.09879437374413931,0.8162992651970608,0.08370073480293927,0.046089929581339104,5,0.4642857142857143,0.4357142857142857,0.20859505524952018,13
0.7967180174146015,0.9,-0.10328198258539856,172.431721269733,179.37979881733725,0.0,cluster_6,cluster,,,random_forest,Normalised SCP,3821.738936313972,0.0,0.7768871075484302,0.12311289245156987,0.07447835723303783,5,0.5483870967741935,0.3516129032258065,0.1341452778586725,13
0.7739450770261219,0.9,-0.1260549229738781,125.7189030569482,125.7189030569482,0.0,cluster_6,cluster,,,hist_gbr,SCP,5517.588488664096,0.0,0.7247828991315965,0.17521710086840347,0.07238056372825825,5,0.32142857142857145,0.5785714285714285,0.20041771127404395,13
0.9732083054253181,0.9,0.07320830542531809,309.96499851042546,414.6148128086552,0.0,cluster_6,cluster,,,hist_gbr,Mondrian-similarity,309.96499851042546,0.0,0.8,0.09999999999999998,0.0630479662294668,5,0.9,-0.0,0.06291730115641865,13
0.7853315472203617,0.9,-0.11466845277963833,133.90692694654192,125.7189030569482,0.0,cluster_6,cluster,,,hist_gbr,Mondrian-family,4176.3735073801045,0.09879437374413931,0.7561790247160989,0.14382097528390114,0.07077118441775329,5,0.32142857142857145,0.5785714285714285,0.19298617924573772,13
0.8486269256530475,0.9,-0.051373074346952485,158.71855377327535,157.60227121512634,0.0,cluster_6,cluster,,,hist_gbr,Normalised SCP,741.2402242965117,0.0,0.822311289245157,0.07768871075484307,0.05386718026320667,5,0.5806451612903226,0.3193548387096774,0.09628189176923214,13
0.7079705291359678,0.9,-0.19202947086403221,127.88270000000001,127.8827,0.0,cluster_6,cluster,,,extra_trees,SCP,40619.257810297786,0.0,0.6325985303941216,0.2674014696058784,0.10321971489056629,5,0.35714285714285715,0.5428571428571429,0.2488865689819059,13
0.9715338245144005,0.9,0.07153382451440049,301.40103087742807,363.0122,0.0,cluster_6,cluster,,,extra_trees,Mondrian-similarity,301.40103087742807,0.0,0.9,-0.0,0.03589275217302268,5,0.8709677419354839,0.029032258064516148,0.04637651355722526,13
0.8352310783657066,0.9,-0.06476892163429337,178.88046707970528,193.37199999999996,0.0,cluster_6,cluster,,,extra_trees,Mondrian-family,1248.6090492597843,0.09879437374413931,0.8056112224448898,0.09438877755511021,0.0363551318683256,5,0.35714285714285715,0.5428571428571429,0.22083296828818513,13
0.7692565304755525,0.9,-0.1307434695244475,150.41623907376285,149.80033456710456,0.0,cluster_6,cluster,,,extra_trees,Normalised SCP,7598.53286823234,0.0,0.7167668670674683,0.18323313293253174,0.09170162342746631,5,0.5,0.4,0.14630062646719166,13
0.9126258005489478,0.9,0.012625800548947796,380.0,380.0,0.0,cluster_7,cluster,,,median,SCP,380.0,0.0,0.896875,0.0031250000000000444,0.03372619125465537,4,0.46808510638297873,0.4319148936170213,0.1060665832329938,14
0.9762122598353157,0.9,0.07621225983531565,469.48417200365964,478.0,0.0,cluster_7,cluster,,,median,Mondrian-similarity,469.48417200365964,0.0,0.9677083333333333,-0.06770833333333326,0.08103167313513729,4,0.7446808510638298,0.15531914893617027,0.09951976330375767,14
0.9204025617566332,0.9,0.02040256175663313,398.59844464775847,380.0,0.0,cluster_7,cluster,,,median,Mondrian-family,398.59844464775847,0.21546203110704484,0.896875,0.0031250000000000444,0.044694240120881135,4,0.46808510638297873,0.4319148936170213,0.09848225266158961,14
0.7959743824336688,0.9,-0.10402561756633122,323.4782509955632,277.29268021785407,0.0,cluster_7,cluster,,,median,Normalised SCP,7331.243372271987,0.0,0.7412790697674418,0.15872093023255818,0.12182575331227996,4,0.5263157894736842,0.37368421052631584,0.18121334503928635,14
0.8778591033851784,0.9,-0.02214089661482166,155.34239980921234,155.34239980921234,0.0,cluster_7,cluster,,,svr,SCP,301.82838977059663,0.0,0.83125,0.06874999999999998,0.02776073901768336,4,0.5851063829787234,0.3148936170212766,0.07568298614314363,14
0.9817017383348582,0.9,0.08170173833485816,279.1350621788171,272.37970689038787,0.0,cluster_7,cluster,,,svr,Mondrian-similarity,279.1350621788171,0.0,0.9152542372881356,-0.015254237288135575,0.06585199367089153,4,0.9,-0.0,0.07966687551000787,14
0.8549862763037511,0.9,-0.0450137236962489,161.34110250670582,155.34239980921237,0.0,cluster_7,cluster,,,svr,Mondrian-family,622.6175736325365,0.21546203110704484,0.796875,0.10312500000000002,0.04028436121002826,4,0.5851063829787234,0.3148936170212766,0.11113629703621701,14
0.7964318389752973,0.9,-0.10356816102470268,118.17758153136454,111.98641449228666,0.0,cluster_7,cluster,,,svr,Normalised SCP,2641.8461531226603,0.0,0.7552083333333334,0.14479166666666665,0.08806149663303256,4,0.5851063829787234,0.3148936170212766,0.12053561306225088,14
0.859103385178408,0.9,-0.040896614821592014,137.23759999999993,137.23759999999993,0.0,cluster_7,cluster,,,random_forest,SCP,468.06734019501346,0.0,0.8395833333333333,0.060416666666666674,0.03466985828298788,4,0.46808510638297873,0.4319148936170213,0.08424630935878875,14
0.97483989021043,0.9,0.07483989021043003,255.0484493138152,251.80742000000004,0.0,cluster_7,cluster,,,random_forest,Mondrian-similarity,255.0484493138152,0.0,0.9152542372881356,-0.015254237288135575,0.061271220241221475,4,0.8846153846153846,0.015384615384615441,0.08237114476649555,14
0.8806038426349497,0.9,-0.019396157365050293,152.05901625800556,164.35500000000013,0.0,cluster_7,cluster,,,random_forest,Mondrian-family,272.09558807265597,0.21546203110704484,0.85625,0.04375000000000007,0.02344254408110885,4,0.46808510638297873,0.4319148936170213,0.11010151853090917,14
0.7968892955169259,0.9,-0.10311070448307413,118.04519885114343,116.27626084748402,0.0,cluster_7,cluster,,,random_forest,Normalised SCP,2602.9188442366476,0.0,0.7848837209302325,0.11511627906976751,0.0977941564883697,4,0.4148936170212766,0.48510638297872344,0.13740454252752338,14
0.8380603842634949,0.9,-0.06193961573650508,126.65420407861961,126.65420407861961,0.0,cluster_7,cluster,,,hist_gbr,SCP,812.1207552394095,0.0,0.8197916666666667,0.08020833333333333,0.054675371075800255,4,0.5,0.4,0.08770096836273278,14
0.9711802378774016,0.9,0.07118023787740158,255.26656846541775,266.3196221257639,0.0,cluster_7,cluster,,,hist_gbr,Mondrian-similarity,255.26656846541775,0.0,0.847457627118644,0.05254237288135599,0.06772817544406112,4,0.8384615384615385,0.06153846153846154,0.08816790458198577,14
0.8687099725526075,0.9,-0.03129002744739251,142.66941624309618,156.67127346342772,0.0,cluster_7,cluster,,,hist_gbr,Mondrian-family,364.75686301046966,0.21546203110704484,0.834375,0.06562500000000004,0.02452649257350059,4,0.5,0.4,0.10880634030016312,14
0.7744739249771272,0.9,-0.12552607502287283,105.51670204806453,101.64697844551652,0.0,cluster_7,cluster,,,hist_gbr,Normalised SCP,4558.056038758679,0.0,0.7288135593220338,0.17118644067796618,0.12888401314243136,4,0.425531914893617,0.474468085106383,0.1494778612317327,14
0.8266239707227814,0.9,-0.07337602927721865,125.28659999999995,125.28659999999996,0.0,cluster_7,cluster,,,extra_trees,SCP,1132.1624903385298,0.0,0.803125,0.09687500000000004,0.06021206477250157,4,0.46808510638297873,0.4319148936170213,0.09320227062888506,14
0.9752973467520586,0.9,0.07529734675205857,273.61572442817936,245.21960000000007,0.0,cluster_7,cluster,,,extra_trees,Mondrian-similarity,273.61572442817936,0.0,0.8813559322033898,0.01864406779661021,0.06193520212638354,4,0.8692307692307693,0.03076923076923077,0.08677496184457612,14
0.8357731015553522,0.9,-0.0642268984446478,135.63942369624885,125.28659999999995,0.0,cluster_7,cluster,,,extra_trees,Mondrian-family,931.5100898501375,0.21546203110704484,0.803125,0.09687500000000004,0.05554634824777982,4,0.46808510638297873,0.4319148936170213,0.11586032819403935,14
0.7145471180237878,0.9,-0.18545288197621224,103.25272209987536,99.11331451163542,0.0,cluster_7,cluster,,,extra_trees,Normalised SCP,26923.803288934934,0.0,0.6958333333333333,0.20416666666666672,0.16763949505974726,4,0.39361702127659576,0.5063829787234042,0.16567719856148708,14
0.40789129866736346,0.9,-0.49210870133263657,263.0,263.0,0.0,cluster_8,cluster,,,median,SCP,678513593.8278102,0.0,0.37086377309840995,0.52913622690159,0.40567195355079433,4,0.1976456009913259,0.7023543990086741,0.23392879767816596,17
0.45989025346224194,0.9,-0.4401097465377581,280.32187091716753,263.0,0.0,cluster_8,cluster,,,median,Mondrian-similarity,151975651.4390093,0.6080480794355893,0.37086377309840995,0.52913622690159,0.3504140170428578,4,0.2620817843866171,0.6379182156133829,0.20613816291815995,17
0.49542722759341523,0.9,-0.4045727724065848,295.0359550561798,291.0,0.0,cluster_8,cluster,,,median,Mondrian-family,55079073.05722945,0.1366605696367912,0.4409110442629996,0.4590889557370004,0.3276938659183771,4,0.38250428816466553,0.5174957118353345,0.23196132293488805,17
0.38594199111575644,0.9,-0.5140580088842436,252.78645059482685,237.06725813436833,0.0,cluster_8,cluster,,,median,Normalised SCP,1259883798.233877,0.0,0.3532445208422862,0.5467554791577138,0.40176823486879354,4,0.12267657992565056,0.7773234200743495,0.2277769657273831,17
0.4405539587143977,0.9,-0.45944604128560235,136.67763595452448,136.67763595452448,0.0,cluster_8,cluster,,,svr,SCP,132356072.73079541,0.0,0.3734422002578427,0.5265577997421573,0.3152207991418885,4,0.2620817843866171,0.6379182156133829,0.29691639476888204,17
0.5325320094068461,0.9,-0.36746799059315394,163.80375151602036,136.67763595452448,0.0,cluster_8,cluster,,,svr,Mondrian-similarity,10046237.979372295,0.6080480794355893,0.3734422002578427,0.5265577997421573,0.19480909279268221,4,0.38166047087980176,0.5183395291201982,0.2306445615075493,17
0.3449176900966815,0.9,-0.5550823099033185,105.41979060240075,80.02070549313612,0.0,cluster_8,cluster,,,svr,Mondrian-family,1798861284.983979,0.1366605696367912,0.31198968629136226,0.5880103137086378,0.4317248006493817,4,0.13197026022304834,0.7680297397769517,0.31825795848124283,17
0.3765351450222106,0.9,-0.5234648549777894,120.43850261538049,102.03941006770643,0.0,cluster_8,cluster,,,svr,Normalised SCP,795980240.693382,0.0,0.3493768801031371,0.550623119896863,0.40635617679961256,4,0.11833952912019827,0.7816604708798017,0.25861992672598205,17
0.4745231251633133,0.9,-0.4254768748366867,125.43759999999996,125.43759999999995,0.0,cluster_8,cluster,,,random_forest,SCP,43842519.4810256,0.0,0.4052428018908466,0.4947571981091534,0.2999541804796693,4,0.2,0.7,0.3049600465741928,17
0.5463809772667886,0.9,-0.35361902273321144,146.02289586621373,125.43759999999996,0.0,cluster_8,cluster,,,random_forest,Mondrian-similarity,5911050.436440435,0.6080480794355893,0.4052428018908466,0.4947571981091534,0.20426965667014552,4,0.26666666666666666,0.6333333333333333,0.2557850905128313,17
0.42147896524692974,0.9,-0.4785210347530703,112.02401497256339,101.90019999999998,0.0,cluster_8,cluster,,,random_forest,Mondrian-family,192257141.0571081,0.1366605696367912,0.36613665663944994,0.5338633433605501,0.3507773437766455,4,0.2,0.7,0.3076165293002891,17
0.49020120198588973,0.9,-0.4097987980141103,137.93026340020265,128.86357835381756,0.0,cluster_8,cluster,,,random_forest,Normalised SCP,30120367.44451688,0.0,0.44305973356252687,0.45694026643747315,0.2986844713712731,4,0.34572490706319703,0.554275092936803,0.21525892668450827,17
0.4653775803501437,0.9,-0.4346224196498563,109.97680159653126,109.97680159653126,0.0,cluster_8,cluster,,,hist_gbr,SCP,50573689.99558328,0.0,0.3944993553932101,0.5055006446067899,0.3125110738501102,4,0.379182156133829,0.520817843866171,0.32000016316064556,17
0.4985628429579305,0.9,-0.4014371570420695,118.49566403639199,109.97680159653127,0.0,cluster_8,cluster,,,hist_gbr,Mondrian-similarity,20135421.399554543,0.6080480794355893,0.3944993553932101,0.5055006446067899,0.25906365321518954,4,0.4,0.5,0.3005249139015554,17
0.4044943820224719,0.9,-0.4955056179775281,95.87735726583072,90.53521720779338,0.0,cluster_8,cluster,,,hist_gbr,Mondrian-family,273890345.5633461,0.1366605696367912,0.3575418994413408,0.5424581005586593,0.37869488228252196,4,0.2552664188351921,0.644733581164808,0.3340394358416219,17
0.5427227593415208,0.9,-0.3572772406584792,137.58300835505167,133.8585322773066,0.0,cluster_8,cluster,,,hist_gbr,Normalised SCP,6215424.927300749,0.0,0.4894714224323163,0.41052857756768374,0.25345059677287335,4,0.39451114922813035,0.5054888507718697,0.21703947610940474,17
0.46407107394826236,0.9,-0.43592892605173766,119.64040000000003,119.64040000000006,0.0,cluster_8,cluster,,,extra_trees,SCP,57216813.68346965,0.0,0.3914911903738719,0.5085088096261281,0.2983325595493892,4,0.26666666666666666,0.6333333333333333,0.3168412307607993,17
0.5367128298928665,0.9,-0.3632871701071335,140.03207478442647,119.64040000000006,0.0,cluster_8,cluster,,,extra_trees,Mondrian-similarity,7575929.477902074,0.6080480794355893,0.3914911903738719,0.5085088096261281,0.2180250198668495,4,0.26666666666666666,0.6333333333333333,0.2644266559493412,17
0.41599163835902797,0.9,-0.48400836164097205,107.79531397961853,106.74960000000004,0.0,cluster_8,cluster,,,extra_trees,Mondrian-family,218104537.8381075,0.1366605696367912,0.35883111302105714,0.5411688869789428,0.35121484079235477,4,0.24473358116480792,0.6552664188351921,0.3120554868153591,17
0.4517899137705775,0.9,-0.44821008622942254,128.0869704648835,121.18164165764061,0.0,cluster_8,cluster,,,extra_trees,Normalised SCP,88544169.58531316,0.0,0.41383755908895575,0.48616244091104427,0.3339662054658563,4,0.2942998760842627,0.6057001239157374,0.25385664698254257,17
0.8226108682073704,0.9,-0.07738913179262963,348.0,348.0,0.0,cluster_9,cluster,,,median,SCP,3547.0673183705508,0.0,0.8125,0.08750000000000002,0.07566443231543504,4,0.504950495049505,0.39504950495049507,0.1158493935400356,18
0.8482198625858838,0.9,-0.051780137414116245,367.5324172392254,348.0,0.0,cluster_9,cluster,,,median,Mondrian-similarity,1737.5227091377144,0.6739537788881949,0.8164556962025317,0.08354430379746836,0.0647467107964477,4,0.5544554455445545,0.3455445544554455,0.09854562799439476,18
0.8138663335415366,0.9,-0.08613366645846343,361.7957526545909,348.0,0.0,cluster_9,cluster,,,median,Mondrian-family,4793.853364174071,0.40537164272329795,0.7976190476190477,0.10238095238095235,0.07393940346166974,4,0.49295774647887325,0.4070422535211268,0.1372284087987776,18
0.811367895065584,0.9,-0.08863210493441598,303.8119945375275,266.76721085519387,0.0,cluster_9,cluster,,,median,Normalised SCP,4338.8829930957145,0.0,0.76,0.14,0.09523126795679032,4,0.4666666666666667,0.43333333333333335,0.10652164583454485,18
0.6995627732667083,0.9,-0.20043722673329167,128.8896061697532,128.88960616975316,0.0,cluster_9,cluster,,,svr,SCP,52684.31561702163,0.0,0.6635773864689527,0.23642261353104732,0.12988285350331638,4,0.2,0.7,0.22765828105400457,18
0.7545284197376639,0.9,-0.1454715802623361,170.87084927759548,128.88960616975316,0.0,cluster_9,cluster,,,svr,Mondrian-similarity,13427.436754644006,0.6739537788881949,0.6635773864689527,0.23642261353104732,0.08144290473900054,4,0.4,0.5,0.17240111374441394,18
0.712054965646471,0.9,-0.18794503435352905,141.63633381013898,128.88960616975316,0.0,cluster_9,cluster,,,svr,Mondrian-family,39799.664980235226,0.40537164272329795,0.6830398517145505,0.21696014828544952,0.12743774653489465,4,0.36363636363636365,0.5363636363636364,0.19743474413569298,18
0.763897564022486,0.9,-0.13610243597751404,160.9114301278582,148.03523623192066,0.0,cluster_9,cluster,,,svr,Normalised SCP,9546.474180127112,0.0,0.7470238095238095,0.1529761904761905,0.09960278343866497,4,0.2,0.7,0.16457270601290214,18
0.6620861961274204,0.9,-0.23791380387257965,123.08612000000015,123.08612000000016,0.0,cluster_9,cluster,,,random_forest,SCP,154863.34922614938,0.0,0.6311399443929564,0.2688600556070436,0.16749040570405146,4,0.06666666666666667,0.8333333333333334,0.255612748967901,18
0.7339163023110555,0.9,-0.1660836976889445,159.1664639100563,123.08612000000016,0.0,cluster_9,cluster,,,random_forest,Mondrian-similarity,23212.85567383546,0.6739537788881949,0.6311399443929564,0.2688600556070436,0.09083504102653486,4,0.2,0.7,0.18708390929378446,18
0.6639600249843848,0.9,-0.23603997501561524,136.43693590256083,123.08612000000016,0.0,cluster_9,cluster,,,random_forest,Mondrian-family,162277.27906993605,0.40537164272329795,0.6348470806302131,0.2651529193697869,0.168984130987715,4,0.26666666666666666,0.6333333333333333,0.2515052170414423,18
0.7051842598376015,0.9,-0.19481574016239855,139.61927227629388,125.20994674720902,0.0,cluster_9,cluster,,,random_forest,Normalised SCP,48213.35996006686,0.0,0.7023809523809523,0.1976190476190477,0.17156399279130713,4,0.06666666666666667,0.8333333333333334,0.2022891284406526,18
0.665209244222361,0.9,-0.23479075577763897,112.73852840387906,112.73852840387906,0.0,cluster_9,cluster,,,hist_gbr,SCP,129158.27934416337,0.0,0.6320667284522706,0.2679332715477294,0.15586479769404507,4,0.2,0.7,0.28043901117870734,18
0.7314178638351031,0.9,-0.16858213616489692,143.6845402691952,112.73852840387906,0.0,cluster_9,cluster,,,hist_gbr,Mondrian-similarity,22585.972096980044,0.6739537788881949,0.6320667284522706,0.2679332715477294,0.0870884263860282,4,0.3333333333333333,0.5666666666666667,0.20669965521429248,18
0.6795752654590881,0.9,-0.22042473454091194,122.1289392004153,112.73852840387906,0.0,cluster_9,cluster,,,hist_gbr,Mondrian-family,90927.64883788348,0.40537164272329795,0.6533827618164968,0.24661723818350323,0.16062997259590597,4,0.42424242424242425,0.47575757575757577,0.2595899945010017,18
0.7301686445971268,0.9,-0.1698313554028732,135.5582609497012,128.10211834654027,0.0,cluster_9,cluster,,,hist_gbr,Normalised SCP,22122.316626523112,0.0,0.7191844300278035,0.1808155699721965,0.14431857000962536,4,0.2,0.7,0.19523346222340895,18
0.6589631480324797,0.9,-0.24103685196752034,116.15779999999998,116.15780000000001,0.0,cluster_9,cluster,,,extra_trees,SCP,160500.95481358378,0.0,0.6320667284522706,0.2679332715477294,0.1851701020942862,4,0.13333333333333333,0.7666666666666667,0.2520082810050781,18
0.7314178638351031,0.9,-0.16858213616489692,150.51182063710172,116.15780000000001,0.0,cluster_9,cluster,,,extra_trees,Mondrian-similarity,23659.161763724278,0.6739537788881949,0.6320667284522706,0.2679332715477294,0.09762715453551585,4,0.26666666666666666,0.6333333333333333,0.18866727443999654,18
0.6739537788881949,0.9,-0.22604622111180517,123.33229529044351,116.15780000000001,0.0,cluster_9,cluster,,,extra_trees,Mondrian-family,108691.50658075791,0.40537164272329795,0.6496756255792401,0.25032437442075994,0.17537117799337565,4,0.3333333333333333,0.5666666666666667,0.23417963155753746,18
0.68894440974391,0.9,-0.21105559025609,131.54805904567064,123.4568843823283,0.0,cluster_9,cluster,,,extra_trees,Normalised SCP,73942.27206845084,0.0,0.6696428571428571,0.23035714285714293,0.18187337435707499,4,0.2,0.7,0.20654898440277714,18
