group,model,split_rep,informed,control,naive,family_effect,size_effect,total_effect
Polyacrylics,extra_trees,matched_Polyacrylics_0,29.258010353535344,29.597619646464647,40.39337747474749,10.795757828282841,0.3396092929293033,11.135367121212145
Polyacrylics,extra_trees,matched_Polyacrylics_1,32.20492166666667,33.0798746969697,45.0023241919192,11.922449494949497,0.8749530303030326,12.79740252525253
Polyacrylics,extra_trees,matched_Polyacrylics_2,30.795366464646467,30.24821757575757,43.05553681818182,12.80731924242425,-0.5471488888888949,12.260170353535354
Polyacrylics,hist_gbr,matched_Polyacrylics_0,29.301778110637247,28.37344670085632,36.05205161054983,7.678604909693512,-0.9283314097809274,6.750273499912584
Polyacrylics,hist_gbr,matched_Polyacrylics_1,31.5256501354544,31.57835430601481,40.2885981551253,8.71024384911049,0.052704170560410546,8.762948019670901
Polyacrylics,hist_gbr,matched_Polyacrylics_2,27.69936328202995,28.7768039183385,38.84896952072888,10.072165602390378,1.0774406363085518,11.14960623869893
Polyamides,extra_trees,matched_Polyamides_0,26.773247627118632,25.49768183050848,52.52167871186441,27.02399688135593,-1.2755657966101523,25.74843108474578
Polyamides,extra_trees,matched_Polyamides_1,22.427005932203397,23.10987206779661,53.358722983050846,30.248850915254238,0.682866135593212,30.93171705084745
Polyamides,extra_trees,matched_Polyamides_2,25.54490111864408,21.669729932203385,54.26242881355932,32.59269888135593,-3.8751711864406957,28.717527694915237
Polyamides,hist_gbr,matched_Polyamides_0,26.089259741692576,24.78200529622788,47.40612238925437,22.62411709302649,-1.3072544454646966,21.316862647561795
Polyamides,hist_gbr,matched_Polyamides_1,23.3437309826462,23.463419080488176,48.30569157405005,24.842272493561875,0.11968809784197632,24.96196059140385
Polyamides,hist_gbr,matched_Polyamides_2,25.653620173636657,23.144706355828,47.31610070530184,24.171394349473843,-2.508913817808658,21.662480531665185
Polyanhydrides,extra_trees,matched_Polyanhydrides_0,18.526340769230757,16.33773076923076,35.852666153846144,19.514935384615384,-2.188609999999997,17.326325384615387
Polyanhydrides,extra_trees,matched_Polyanhydrides_1,25.27274769230769,29.91088692307693,35.26711230769231,5.356225384615378,4.638139230769241,9.994364615384619
Polyanhydrides,extra_trees,matched_Polyanhydrides_2,19.803814615384585,26.36926692307693,43.66143461538459,17.292167692307665,6.565452307692343,23.857620000000008
Polyanhydrides,hist_gbr,matched_Polyanhydrides_0,21.736815873850485,21.40821497193421,40.72326098298425,19.31504601105004,-0.3286009019162748,18.986445109133765
Polyanhydrides,hist_gbr,matched_Polyanhydrides_1,28.76068896008796,26.188125120609705,34.92493447852229,8.736809357912584,-2.5725638394782564,6.164245518434328
Polyanhydrides,hist_gbr,matched_Polyanhydrides_2,20.196024325839986,21.731073224227902,36.56996515154754,14.83889192731964,1.5350488983879167,16.373940825707557
Polycarbonates,extra_trees,matched_Polycarbonates_0,13.529176551724158,17.083361724137934,23.391013448275864,6.30765172413793,3.554185172413776,9.861836896551706
Polycarbonates,extra_trees,matched_Polycarbonates_1,19.719210344827616,19.04667655172413,27.474784137931035,8.428107586206906,-0.6725337931034865,7.755573793103419
Polycarbonates,extra_trees,matched_Polycarbonates_2,21.66344379310346,23.925022068965525,30.00552413793104,6.080502068965515,2.261578275862064,8.342080344827579
Polycarbonates,hist_gbr,matched_Polycarbonates_0,21.136059038570565,23.815930474782824,19.472454846583307,-4.343475628199517,2.6798714362122595,-1.6636041919872575
Polycarbonates,hist_gbr,matched_Polycarbonates_1,20.26838618697925,20.777177988838574,23.56227561985458,2.785097631016008,0.5087918018593243,3.293889432875332
Polycarbonates,hist_gbr,matched_Polycarbonates_2,22.11110014790785,21.811927011052127,20.49850589211596,-1.3134211189361658,-0.29917313685572466,-1.6125942557918904
Polydienes,extra_trees,matched_Polydienes_0,59.7437725925926,64.98286222222222,80.3369137037037,15.354051481481477,5.239089629629625,20.593141111111102
Polydienes,extra_trees,matched_Polydienes_1,62.2868725925926,58.53904333333333,63.94478666666665,5.405743333333319,-3.7478292592592695,1.65791407407405
Polydienes,extra_trees,matched_Polydienes_2,57.98469111111112,64.82709222222223,77.07593407407408,12.24884185185185,6.842401111111116,19.091242962962966
Polydienes,hist_gbr,matched_Polydienes_0,57.280716790824464,61.60788930323348,69.3387163939824,7.730827090748917,4.327172512409014,12.057999603157931
Polydienes,hist_gbr,matched_Polydienes_1,47.09841793967159,52.03917852472653,60.8017415842081,8.762563059481572,4.940760585054939,13.70332364453651
Polydienes,hist_gbr,matched_Polydienes_2,54.05148806671961,53.69518384955349,64.8648896150994,11.169705765545913,-0.3563042171661195,10.813401548379794
Polyesters,extra_trees,matched_Polyesters_0,28.19284007968127,26.390849482071708,36.50354282868526,10.112693346613554,-1.8019905976095636,8.31070274900399
Polyesters,extra_trees,matched_Polyesters_1,28.0907512749004,28.528353904382477,37.69006103585658,9.161707131474103,0.43760262948207895,9.599309760956181
Polyesters,extra_trees,matched_Polyesters_2,25.37078338645419,25.90650733067729,35.7981,9.891592669322709,0.5357239442231005,10.427316613545809
Polyesters,hist_gbr,matched_Polyesters_0,28.837030413367916,27.21821339248926,33.653415553570284,6.435202161081023,-1.6188170208786552,4.816385140202367
Polyesters,hist_gbr,matched_Polyesters_1,28.517726992635964,29.29726309573255,35.91343539739454,6.616172301661987,0.7795361030965857,7.395708404758572
Polyesters,hist_gbr,matched_Polyesters_2,25.20816845675563,26.06415928299081,33.41468852432252,7.35052924133171,0.8559908262351819,8.206520067566892
Polyethers,extra_trees,matched_Polyethers_0,26.567343800904972,26.25190235294119,32.09117031674208,5.839267963800889,-0.3154414479637815,5.523826515837108
Polyethers,extra_trees,matched_Polyethers_1,27.33459895927601,25.93290036199095,34.3814352036199,8.448534841628952,-1.401698597285062,7.04683624434389
Polyethers,extra_trees,matched_Polyethers_2,24.542754570135752,25.045017013574657,32.24854425339366,7.203527239819003,0.5022624434389051,7.705789683257908
Polyethers,hist_gbr,matched_Polyethers_0,26.42177247719453,26.124213359822903,32.233133741515225,6.108920381692322,-0.29755911737162677,5.811361264320695
Polyethers,hist_gbr,matched_Polyethers_1,26.55016376893,27.601726179946848,34.64795984228553,7.0462336623386825,1.0515624110168496,8.097796073355532
Polyethers,hist_gbr,matched_Polyethers_2,27.624110427657904,26.509818388016598,33.46359603251924,6.953777644502644,-1.114292039641306,5.839485604861338
Polyhalo-olefins,extra_trees,matched_Polyhalo-olefins_0,60.41345411764705,59.07203470588235,70.68389058823529,11.611855882352934,-1.3414194117646971,10.270436470588237
Polyhalo-olefins,extra_trees,matched_Polyhalo-olefins_1,38.085529411764696,34.948067058823526,48.87142235294117,13.923355294117641,-3.1374623529411707,10.78589294117647
Polyhalo-olefins,extra_trees,matched_Polyhalo-olefins_2,53.0535811764706,46.99982176470591,71.63474823529411,24.634926470588198,-6.053759411764688,18.58116705882351
Polyhalo-olefins,hist_gbr,matched_Polyhalo-olefins_0,62.77438079257719,58.82618672317156,56.78242599817249,-2.0437607249990677,-3.9481940694056306,-5.991954794404698
Polyhalo-olefins,hist_gbr,matched_Polyhalo-olefins_1,41.88430438113123,48.00317573765732,45.67840844589396,-2.324767291763365,6.118871356526093,3.7941040647627275
Polyhalo-olefins,hist_gbr,matched_Polyhalo-olefins_2,54.77795958288679,45.176638342220905,70.13018310028906,24.953544758068155,-9.601321240665882,15.352223517402273
Polyimides,extra_trees,matched_Polyimides_0,27.366614687500004,28.26738638671876,44.835535859375,16.56814947265624,0.9007716992187547,17.468921171874996
Polyimides,extra_trees,matched_Polyimides_1,25.445726171875,26.28883966796875,42.420655,16.131815332031245,0.8431134960937534,16.974928828124998
Polyimides,extra_trees,matched_Polyimides_2,27.421369882812503,27.603178164062506,45.5422978515625,17.939119687499996,0.18180828125000303,18.12092796875
Polyimides,hist_gbr,matched_Polyimides_0,28.457442959431887,28.753464145224847,39.82029610408405,11.066831958859204,0.29602118579295933,11.362853144652163
Polyimides,hist_gbr,matched_Polyimides_1,26.15152156774071,26.20483785181333,38.36532816306254,12.160490311249212,0.05331628407262201,12.213806595321834
Polyimides,hist_gbr,matched_Polyimides_2,28.483503729997235,27.558375053485197,38.81881980001402,11.260444746528822,-0.9251286765120383,10.335316070016784
Polyimines,extra_trees,matched_Polyimines_0,25.61962250000002,24.47772125,34.09869562499999,9.620974374999992,-1.1419012500000214,8.479073124999971
Polyimines,extra_trees,matched_Polyimines_1,31.112858750000004,31.7331975,32.769308125,1.0361106250000027,0.6203387499999948,1.6564493749999976
Polyimines,extra_trees,matched_Polyimines_2,32.85495500000002,38.10013125000003,39.86522187500002,1.765090624999985,5.245176250000014,7.010266874999999
Polyimines,hist_gbr,matched_Polyimines_0,29.823451281691103,24.97082651394345,40.962957773849936,15.992131259906486,-4.852624767747653,11.139506492158834
Polyimines,hist_gbr,matched_Polyimines_1,32.81883260822178,35.92166929381732,37.96737018706911,2.045700893251791,3.102836685595534,5.148537578847325
Polyimines,hist_gbr,matched_Polyimines_2,26.82388746676364,39.92728585275676,41.52228235480897,1.5949965020522114,13.10339838599312,14.698394888045332
Polyolefins,extra_trees,matched_Polyolefins_0,44.85793961538461,41.92684788461538,56.91833038461539,14.99148250000001,-2.931091730769232,12.060390769230779
Polyolefins,extra_trees,matched_Polyolefins_1,46.73002173076922,46.02109461538461,59.9126825,13.89158788461539,-0.7089271153846042,13.182660769230786
Polyolefins,extra_trees,matched_Polyolefins_2,51.23976423076923,42.75354653846153,58.36811499999999,15.614568461538461,-8.486217692307704,7.128350769230757
Polyolefins,hist_gbr,matched_Polyolefins_0,46.92635816336266,42.16682277641757,58.243471124327,16.076648347909433,-4.759535386945089,11.317112960964344
Polyolefins,hist_gbr,matched_Polyolefins_1,49.08587514699839,49.64330285014647,60.91501632006631,11.271713469919838,0.557427703148079,11.829141173067917
Polyolefins,hist_gbr,matched_Polyolefins_2,48.71903513055463,45.06774458674356,64.15269559042338,19.08495100367982,-3.651290543811072,15.433660459868747
Polyphenylenes,extra_trees,matched_Polyphenylenes_0,36.39417782945736,37.50775077519378,48.78279364341086,11.275042868217085,1.113572945736415,12.3886158139535
Polyphenylenes,extra_trees,matched_Polyphenylenes_1,39.606887674418594,38.44991968992248,46.95717565891473,8.507255968992247,-1.156967984496113,7.350287984496134
Polyphenylenes,extra_trees,matched_Polyphenylenes_2,33.7504415503876,34.101606976744186,42.928024961240304,8.826417984496118,0.3511654263565873,9.177583410852705
Polyphenylenes,hist_gbr,matched_Polyphenylenes_0,38.12960686393336,40.73925057664816,49.08178637186407,8.342535795215909,2.6096437127147993,10.952179507930708
Polyphenylenes,hist_gbr,matched_Polyphenylenes_1,40.12093220992937,42.80885220283881,47.85079388523261,5.041941682393805,2.6879199929094355,7.7298616753032405
Polyphenylenes,hist_gbr,matched_Polyphenylenes_2,37.8032915952154,36.0115214797543,41.88691224266441,5.875390762910108,-1.791770115461098,4.08362064744901
Polyphosphazenes,extra_trees,matched_Polyphosphazenes_0,35.4171197142857,38.924908,84.28527285714287,45.36036485714287,3.5077882857143052,48.868153142857174
Polyphosphazenes,extra_trees,matched_Polyphosphazenes_1,48.97501571428571,45.680079142857146,94.33967885714289,48.65959971428574,-3.2949365714285648,45.364663142857175
Polyphosphazenes,extra_trees,matched_Polyphosphazenes_2,39.15631942857144,43.41458428571429,85.71734857142857,42.30276428571428,4.258264857142848,46.56102914285713
Polyphosphazenes,hist_gbr,matched_Polyphosphazenes_0,34.77951724759534,31.75417764824025,80.10140713646429,48.34722948822404,-3.0253395993550853,45.32188988886895
Polyphosphazenes,hist_gbr,matched_Polyphosphazenes_1,44.022874674163326,36.735138728236144,82.26866072448293,45.53352199624678,-7.2877359459271815,38.2457860503196
Polyphosphazenes,hist_gbr,matched_Polyphosphazenes_2,34.15998183886098,36.89900908638711,81.81883880864623,44.919829722259124,2.7390272475261312,47.658856969785255
Polysiloxanes,extra_trees,matched_Polysiloxanes_0,47.32505984126985,44.12381507936508,76.24891047619047,32.125095396825394,-3.2012447619047677,28.923850634920626
Polysiloxanes,extra_trees,matched_Polysiloxanes_1,34.00279492063491,37.002372380952345,63.35065730158729,26.348284920634946,2.9995774603174326,29.347862380952378
Polysiloxanes,extra_trees,matched_Polysiloxanes_2,41.11111809523807,39.26959063492061,66.80382587301588,27.53423523809527,-1.841527460317458,25.692707777777812
Polysiloxanes,hist_gbr,matched_Polysiloxanes_0,38.71559327030538,35.82765087034931,72.58408544646791,36.7564345761186,-2.887942399956067,33.86849217616253
Polysiloxanes,hist_gbr,matched_Polysiloxanes_1,31.39602632160242,30.8587211077532,63.69034875590341,32.8316276481502,-0.5373052138492191,32.29432243430099
Polysiloxanes,hist_gbr,matched_Polysiloxanes_2,35.50020690692193,34.084202775463986,67.99327701631286,33.909074240848874,-1.416004131457946,32.49307010939093
Polystyrenes,extra_trees,matched_Polystyrenes_0,29.48022840000001,27.119060533333325,42.69580333333334,15.576742800000012,-2.3611678666666833,13.215574933333329
Polystyrenes,extra_trees,matched_Polystyrenes_1,29.777796533333337,29.9013992,49.30660546666667,19.405206266666667,0.1236026666666632,19.52880893333333
Polystyrenes,extra_trees,matched_Polystyrenes_2,35.02087133333333,33.31702613333333,48.19907706666667,14.882050933333339,-1.7038452000000035,13.178205733333336
Polystyrenes,hist_gbr,matched_Polystyrenes_0,28.90106419146181,28.787458693384934,38.39203649493648,9.604577801551542,-0.11360549807687548,9.490972303474667
Polystyrenes,hist_gbr,matched_Polystyrenes_1,26.501330203200204,29.592682176537352,39.95412188042656,10.36143970388921,3.0913519733371473,13.452791677226358
Polystyrenes,hist_gbr,matched_Polystyrenes_2,29.785474039876704,28.041743686335224,39.74741477886213,11.705671092526906,-1.7437303535414799,9.961940738985426
Polysulfides,extra_trees,matched_Polysulfides_0,37.29554555555556,34.21947611111112,40.418896111111145,6.199420000000025,-3.0760694444444425,3.1233505555555823
Polysulfides,extra_trees,matched_Polysulfides_1,38.74711055555557,43.80605555555554,47.379940000000005,3.5738844444444666,5.058944999999966,8.632829444444432
Polysulfides,extra_trees,matched_Polysulfides_2,49.76315,63.07782888888889,57.73285611111112,-5.34497277777777,13.314678888888885,7.969706111111115
Polysulfides,hist_gbr,matched_Polysulfides_0,30.11877799785444,28.982396562674783,30.64356873280353,1.6611721701287472,-1.1363814351796577,0.5247907349490895
Polysulfides,hist_gbr,matched_Polysulfides_1,36.25361400667364,40.40613917840351,41.72950426913948,1.323365090735976,4.15252517172987,5.475890262465846
Polysulfides,hist_gbr,matched_Polysulfides_2,44.15379028823948,57.294369524432,50.31446410077348,-6.979905423658522,13.140579236192522,6.160673812534
Polysulfones,extra_trees,matched_Polysulfones_0,28.250324,30.856819428571438,40.21853642857144,9.361717000000002,2.6064954285714386,11.96821242857144
Polysulfones,extra_trees,matched_Polysulfones_1,31.66715514285718,31.78799971428572,44.28087671428574,12.492877000000018,0.12084457142854177,12.61372157142856
Polysulfones,extra_trees,matched_Polysulfones_2,26.794439857142876,27.70721900000001,36.94058985714287,9.233370857142859,0.9127791428571328,10.146149999999992
Polysulfones,hist_gbr,matched_Polysulfones_0,29.48312455642412,27.880836433253872,37.69135862032042,9.81052218706655,-1.602288123170247,8.208234063896303
Polysulfones,hist_gbr,matched_Polysulfones_1,30.33464655229683,30.159586859032444,42.53651765428856,12.376930795256115,-0.1750596932643873,12.201871101991728
Polysulfones,hist_gbr,matched_Polysulfones_2,23.49384914598261,23.758765015101584,33.578971580110085,9.820206565008501,0.2649158691189726,10.085122434127474
Polyureas,extra_trees,matched_Polyureas_0,29.58718615384616,40.70353769230769,49.46681538461537,8.763277692307682,11.11635153846153,19.87962923076921
Polyureas,extra_trees,matched_Polyureas_1,39.343714615384606,31.218631538461505,47.4335384615384,16.214906923076892,-8.1250830769231,8.089823846153791
Polyureas,extra_trees,matched_Polyureas_2,44.32055307692308,46.15028692307695,57.46989076923077,11.319603846153825,1.8297338461538644,13.14933769230769
Polyureas,hist_gbr,matched_Polyureas_0,24.17160284927368,33.815814601271434,58.990091116336174,25.17427651506474,9.644211751997755,34.81848826706249
Polyureas,hist_gbr,matched_Polyureas_1,27.929363055278408,30.239586005496328,55.23273898426464,24.993152978768315,2.31022295021792,27.303375928986235
Polyureas,hist_gbr,matched_Polyureas_2,46.10647000051318,43.56688848316307,62.05082250921714,18.483934026054072,-2.5395815173501077,15.944352508703965
Polyurethanes,extra_trees,matched_Polyurethanes_0,27.574807017543847,29.80950982456141,51.55548631578949,21.745976491228078,2.2347028070175625,23.98067929824564
Polyurethanes,extra_trees,matched_Polyurethanes_1,28.592470175438606,25.940028421052634,48.63033912280702,22.690310701754388,-2.652441754385972,20.037868947368416
Polyurethanes,extra_trees,matched_Polyurethanes_2,37.28098245614034,32.13217543859649,50.80479684210528,18.672621403508792,-5.148807017543852,13.52381438596494
Polyurethanes,hist_gbr,matched_Polyurethanes_0,30.907287780772386,27.213911029813428,46.58913210570429,19.37522107589086,-3.693376750958958,15.681844324931902
Polyurethanes,hist_gbr,matched_Polyurethanes_1,29.18656877868268,29.897795466253797,46.46655390996009,16.568758443706294,0.7112266875711164,17.27998513127741
Polyurethanes,hist_gbr,matched_Polyurethanes_2,33.20212137217325,32.99812746211288,51.31377842121928,18.3156509591064,-0.20399391006036893,18.11165704904603
Polyvinyls,extra_trees,matched_Polyvinyls_0,27.948560312499996,28.651578749999995,31.509733125000004,2.8581543750000087,0.703018437499999,3.5611728125000077
Polyvinyls,extra_trees,matched_Polyvinyls_1,21.196312499999998,23.709096875,27.026223593750007,3.317126718750007,2.5127843750000025,5.82991109375001
Polyvinyls,extra_trees,matched_Polyvinyls_2,29.01905624999999,27.243435468750004,32.161550312500005,4.918114843750001,-1.7756207812499873,3.1424940625000133
Polyvinyls,hist_gbr,matched_Polyvinyls_0,31.519691086291097,28.459882070653656,36.14559177097563,7.685709700321972,-3.059809015637441,4.625900684684531
Polyvinyls,hist_gbr,matched_Polyvinyls_1,21.18374419625147,23.087398293882785,32.87731704360145,9.789918749718666,1.903654097631314,11.69357284734998
Polyvinyls,hist_gbr,matched_Polyvinyls_2,30.512333347811648,28.992713850005025,36.65046261369547,7.657748763690442,-1.519619497806623,6.138129265883819
